customer_id,customer_name,email,registration_date,customer_type
1,Customer_1,cust1@example.com,2026-02-24 15:57:43.621779,REGULAR
2,Customer_2,cust2@example.com,2026-05-19 15:57:43.621802,VIP
3,Customer_3,cust3@example.com,2026-02-11 15:57:43.621806,PREMIUM
4,Customer_4,cust4@example.com,2025-09-30 15:57:43.621808,PREMIUM
5,Customer_5,cust5@example.com,2025-10-23 15:57:43.621811,PREMIUM
6,Customer_6,cust6@example.com,2026-02-14 15:57:43.621813,VIP
7,Customer_7,cust7@example.com,2026-04-13 15:57:43.621815,VIP
8,Customer_8,cust8@example.com,2025-09-02 15:57:43.621816,VIP
9,Customer_9,cust9@example.com,2026-03-11 15:57:43.621818,REGULAR
10,Customer_10,cust10@example.com,2025-12-21 15:57:43.621820,REGULAR
11,Customer_11,cust11@example.com,2025-10-15 15:57:43.621821,VIP
12,Customer_12,cust12@example.com,2025-09-09 15:57:43.621823,VIP
13,Customer_13,cust13@example.com,2025-11-24 15:57:43.621825,REGULAR
14,Customer_14,cust14@example.com,2025-08-18 15:57:43.621826,PREMIUM
15,Customer_15,cust15@example.com,2026-01-08 15:57:43.621828,VIP
16,Customer_16,cust16@example.com,2026-01-05 15:57:43.621830,PREMIUM
17,Customer_17,cust17@example.com,2025-07-29 15:57:43.621831,VIP
18,Customer_18,cust18@example.com,2025-11-26 15:57:43.621833,REGULAR
19,Customer_19,cust19@example.com,2025-11-07 15:57:43.621834,REGULAR
20,Customer_20,cust20@example.com,2025-11-27 15:57:43.621836,REGULAR
21,Customer_21,cust21@example.com,2026-05-09 15:57:43.621837,PREMIUM
22,Customer_22,cust22@example.com,2026-06-25 15:57:43.621839,VIP
23,Customer_23,cust23@example.com,2025-10-01 15:57:43.621840,PREMIUM
24,Customer_24,cust24@example.com,2026-05-05 15:57:43.621842,VIP
25,Customer_25,cust25@example.com,2025-08-30 15:57:43.621843,VIP
26,Customer_26,cust26@example.com,2025-09-21 15:57:43.621845,VIP
27,Customer_27,cust27@example.com,2026-06-02 15:57:43.621847,PREMIUM
28,Customer_28,cust28@example.com,2026-04-12 15:57:43.621848,REGULAR
29,Customer_29,cust29@example.com,2025-10-03 15:57:43.621850,VIP
30,Customer_30,cust30@example.com,2026-03-21 15:57:43.621851,PREMIUM
31,Customer_31,cust31@example.com,2025-10-15 15:57:43.621853,REGULAR
32,Customer_32,cust32@example.com,2026-01-21 15:57:43.621854,REGULAR
33,Customer_33,cust33@example.com,2026-06-25 15:57:43.621856,PREMIUM
34,Customer_34,cust34@example.com,2025-08-29 15:57:43.621857,VIP
35,Customer_35,cust35@example.com,2026-03-20 15:57:43.621859,VIP
36,Customer_36,cust36@example.com,2026-05-06 15:57:43.621860,VIP
37,Customer_37,cust37@example.com,2025-09-10 15:57:43.621862,PREMIUM
38,Customer_38,cust38@example.com,2026-02-27 15:57:43.621864,PREMIUM
39,Customer_39,cust39@example.com,2026-05-22 15:57:43.621865,VIP
40,Customer_40,cust40@example.com,2025-07-12 15:57:43.621867,REGULAR
41,Customer_41,cust41@example.com,2025-10-05 15:57:43.621868,REGULAR
42,Customer_42,cust42@example.com,2025-10-10 15:57:43.621870,REGULAR
43,Customer_43,cust43@example.com,2025-09-01 15:57:43.621871,REGULAR
44,Customer_44,cust44@example.com,2026-02-20 15:57:43.621873,REGULAR
45,Customer_45,cust45@example.com,2026-04-20 15:57:43.621874,VIP
46,Customer_46,cust46@example.com,2025-07-16 15:57:43.621876,REGULAR
47,Customer_47,cust47@example.com,2025-11-18 15:57:43.621877,REGULAR
48,Customer_48,cust48@example.com,2026-07-03 15:57:43.621879,VIP
49,Customer_49,cust49@example.com,2026-02-21 15:57:43.621880,VIP
50,Customer_50,invalid_email_no_domain,2025-08-30 15:57:43.621882,REGULAR
51,Customer_51,cust51@example.com,2026-02-10 15:57:43.621883,REGULAR
52,Customer_52,cust52@example.com,2025-07-16 15:57:43.621885,REGULAR
53,Customer_53,cust53@example.com,2026-06-11 15:57:43.621887,VIP
54,Customer_54,cust54@example.com,2025-10-09 15:57:43.621888,PREMIUM
55,Customer_55,cust55@example.com,2026-06-02 15:57:43.621890,VIP
56,Customer_56,cust56@example.com,2026-01-28 15:57:43.621891,REGULAR
57,Customer_57,cust57@example.com,2025-10-02 15:57:43.621893,VIP
58,Customer_58,cust58@example.com,2025-09-21 15:57:43.621894,VIP
59,Customer_59,cust59@example.com,2026-07-09 15:57:43.621896,REGULAR
60,Customer_60,cust60@example.com,2026-02-19 15:57:43.621897,PREMIUM
61,Customer_61,cust61@example.com,2026-05-12 15:57:43.621899,REGULAR
62,Customer_62,cust62@example.com,2026-06-22 15:57:43.621900,PREMIUM
63,Customer_63,cust63@example.com,2026-03-10 15:57:43.621902,REGULAR
64,Customer_64,cust64@example.com,2025-12-03 15:57:43.621903,PREMIUM
65,Customer_65,cust65@example.com,2025-11-30 15:57:43.621905,REGULAR
66,Customer_66,cust66@example.com,2026-01-27 15:57:43.621907,PREMIUM
67,Customer_67,cust67@example.com,2026-04-18 15:57:43.621908,VIP
68,Customer_68,cust68@example.com,2025-12-30 15:57:43.621909,REGULAR
69,Customer_69,cust69@example.com,2026-07-02 15:57:43.621911,VIP
70,Customer_70,cust70@example.com,2026-03-26 15:57:43.621912,REGULAR
71,Customer_71,invalid_email_no_domain,2026-07-02 15:57:43.621914,PREMIUM
72,Customer_72,cust72@example.com,2026-03-23 15:57:43.621915,PREMIUM
73,Customer_73,cust73@example.com,2025-08-09 15:57:43.621917,VIP
74,Customer_74,cust74@example.com,2026-01-29 15:57:43.621918,REGULAR
75,Customer_75,cust75@example.com,2025-07-25 15:57:43.621920,VIP
76,Customer_76,cust76@example.com,2026-01-19 15:57:43.621921,REGULAR
77,Customer_77,cust77@example.com,2025-08-19 15:57:43.621923,PREMIUM
78,Customer_78,cust78@example.com,2026-05-08 15:57:43.621925,PREMIUM
79,Customer_79,cust79@example.com,2026-03-03 15:57:43.621926,VIP
80,Customer_80,cust80@example.com,2025-11-03 15:57:43.621928,REGULAR
81,Customer_81,cust81@example.com,2026-05-10 15:57:43.621929,PREMIUM
82,Customer_82,cust82@example.com,2026-03-08 15:57:43.621931,REGULAR
83,Customer_83,cust83@example.com,2025-12-06 15:57:43.621932,REGULAR
84,Customer_84,cust84@example.com,2026-03-23 15:57:43.621934,PREMIUM
85,Customer_85,cust85@example.com,2026-02-26 15:57:43.621935,REGULAR
86,Customer_86,cust86@example.com,2025-08-13 15:57:43.621937,VIP
87,Customer_87,cust87@example.com,2025-12-25 15:57:43.621938,PREMIUM
88,Customer_88,cust88@example.com,2025-08-23 15:57:43.621940,REGULAR
89,Customer_89,cust89@example.com,2026-04-29 15:57:43.621941,PREMIUM
90,Customer_90,cust90@example.com,2025-11-10 15:57:43.621943,PREMIUM
91,Customer_91,cust91@example.com,2026-03-09 15:57:43.621944,PREMIUM
92,Customer_92,cust92@example.com,2026-02-24 15:57:43.621946,REGULAR
93,Customer_93,cust93@example.com,2026-04-09 15:57:43.621947,VIP
94,Customer_94,cust94@example.com,2025-09-23 15:57:43.621949,VIP
95,Customer_95,cust95@example.com,2025-08-30 15:57:43.621950,VIP
96,Customer_96,cust96@example.com,2025-12-25 15:57:43.621952,REGULAR
97,Customer_97,cust97@example.com,2025-12-19 15:57:43.621953,VIP
98,Customer_98,cust98@example.com,2025-08-26 15:57:43.621955,PREMIUM
99,Customer_99,cust99@example.com,2026-05-21 15:57:43.621956,REGULAR
100,Customer_100,cust100@example.com,2025-09-12 15:57:43.621958,PREMIUM
101,Customer_101,cust101@example.com,2026-01-04 15:57:43.621959,PREMIUM
102,Customer_102,cust102@example.com,2026-05-30 15:57:43.621961,REGULAR
103,Customer_103,cust103@example.com,2026-03-05 15:57:43.621962,VIP
104,Customer_104,cust104@example.com,2026-01-09 15:57:43.621964,REGULAR
105,Customer_105,cust105@example.com,2026-01-17 15:57:43.621965,REGULAR
106,Customer_106,cust106@example.com,2025-09-29 15:57:43.621966,VIP
107,Customer_107,cust107@example.com,2026-03-24 15:57:43.621968,PREMIUM
108,Customer_108,cust108@example.com,2026-06-22 15:57:43.621970,PREMIUM
109,Customer_109,cust109@example.com,2026-02-18 15:57:43.621971,VIP
110,Customer_110,cust110@example.com,2025-09-29 15:57:43.621973,VIP
111,Customer_111,cust111@example.com,2026-03-10 15:57:43.621974,VIP
112,Customer_112,cust112@example.com,2026-02-19 15:57:43.621976,VIP
113,Customer_113,cust113@example.com,2026-04-29 15:57:43.621977,REGULAR
114,Customer_114,cust114@example.com,2025-08-23 15:57:43.621979,VIP
115,Customer_115,cust115@example.com,2026-06-28 15:57:43.621981,PREMIUM
116,Customer_116,cust116@example.com,2026-03-30 15:57:43.621982,VIP
117,Customer_117,cust117@example.com,2026-02-09 15:57:43.621983,PREMIUM
118,Customer_118,cust118@example.com,2025-11-13 15:57:43.621985,PREMIUM
119,Customer_119,cust119@example.com,2026-07-06 15:57:43.621986,REGULAR
120,Customer_120,cust120@example.com,2025-11-26 15:57:43.621988,PREMIUM
121,Customer_121,cust121@example.com,2026-01-27 15:57:43.621989,PREMIUM
122,Customer_122,cust122@example.com,2026-04-29 15:57:43.621991,REGULAR
123,Customer_123,cust123@example.com,2026-03-10 15:57:43.621992,REGULAR
124,Customer_124,cust124@example.com,2025-09-09 15:57:43.621994,REGULAR
125,Customer_125,cust125@example.com,2026-06-28 15:57:43.621995,VIP
126,Customer_126,cust126@example.com,2025-11-03 15:57:43.621997,PREMIUM
127,Customer_127,cust127@example.com,2025-10-28 15:57:43.621998,PREMIUM
128,Customer_128,cust128@example.com,2025-10-19 15:57:43.622000,PREMIUM
129,Customer_129,cust129@example.com,2025-11-21 15:57:43.622001,REGULAR
130,Customer_130,cust130@example.com,2026-04-10 15:57:43.622003,VIP
131,Customer_131,cust131@example.com,2026-03-29 15:57:43.622004,VIP
132,Customer_132,cust132@example.com,2026-05-31 15:57:43.622006,PREMIUM
133,Customer_133,cust133@example.com,2025-11-11 15:57:43.622007,VIP
134,Customer_134,cust134@example.com,2026-01-18 15:57:43.622009,VIP
135,Customer_135,cust135@example.com,2025-07-26 15:57:43.622010,PREMIUM
136,Customer_136,cust136@example.com,2025-11-18 15:57:43.622012,PREMIUM
137,Customer_137,cust137@example.com,2026-03-23 15:57:43.622013,REGULAR
138,Customer_138,cust138@example.com,2026-03-16 15:57:43.622015,VIP
139,Customer_139,cust139@example.com,2025-11-12 15:57:43.622016,VIP
140,Customer_140,cust140@example.com,2026-04-20 15:57:43.622018,PREMIUM
141,Customer_141,cust141@example.com,2025-08-25 15:57:43.622019,PREMIUM
142,Customer_142,cust142@example.com,2026-04-13 15:57:43.622021,PREMIUM
143,Customer_143,cust143@example.com,2026-03-01 15:57:43.622022,REGULAR
144,Customer_144,cust144@example.com,2025-12-13 15:57:43.622024,PREMIUM
145,Customer_145,cust145@example.com,2026-02-05 15:57:43.622025,PREMIUM
146,Customer_146,cust146@example.com,2026-02-16 15:57:43.622027,REGULAR
147,Customer_147,cust147@example.com,2025-08-13 15:57:43.622028,VIP
148,Customer_148,cust148@example.com,2025-12-08 15:57:43.622030,VIP
149,Customer_149,cust149@example.com,2026-02-19 15:57:43.622031,PREMIUM
150,Customer_150,cust150@example.com,2025-08-17 15:57:43.622033,VIP
151,Customer_151,cust151@example.com,2026-04-10 15:57:43.622035,VIP
152,Customer_152,cust152@example.com,2025-11-29 15:57:43.622036,VIP
153,Customer_153,cust153@example.com,2025-09-24 15:57:43.622037,REGULAR
154,Customer_154,cust154@example.com,2026-05-31 15:57:43.622039,PREMIUM
155,Customer_155,cust155@example.com,2026-02-25 15:57:43.622041,VIP
156,Customer_156,cust156@example.com,2026-03-28 15:57:43.622042,VIP
157,Customer_157,cust157@example.com,2026-03-27 15:57:43.622044,VIP
158,Customer_158,cust158@example.com,2025-11-05 15:57:43.622045,PREMIUM
159,Customer_159,cust159@example.com,2026-04-29 15:57:43.622047,PREMIUM
160,Customer_160,cust160@example.com,2026-05-08 15:57:43.622048,PREMIUM
161,Customer_161,cust161@example.com,2025-10-14 15:57:43.622049,REGULAR
162,Customer_162,cust162@example.com,2026-01-13 15:57:43.622051,PREMIUM
163,Customer_163,cust163@example.com,2026-04-05 15:57:43.622052,PREMIUM
164,Customer_164,cust164@example.com,2026-02-21 15:57:43.622054,REGULAR
165,Customer_165,cust165@example.com,2026-06-20 15:57:43.622055,VIP
166,Customer_166,cust166@example.com,2025-07-30 15:57:43.622057,PREMIUM
167,Customer_167,cust167@example.com,2025-07-12 15:57:43.622058,VIP
168,Customer_168,cust168@example.com,2026-04-29 15:57:43.622060,REGULAR
169,Customer_169,cust169@example.com,2026-07-02 15:57:43.622061,PREMIUM
170,Customer_170,cust170@example.com,2025-10-29 15:57:43.622063,VIP
171,Customer_171,cust171@example.com,2025-10-16 15:57:43.622064,VIP
172,Customer_172,invalid_email_no_domain,2026-05-14 15:57:43.622066,VIP
173,Customer_173,invalid_email_no_domain,2026-01-23 15:57:43.622067,VIP
174,Customer_174,cust174@example.com,2026-04-18 15:57:43.622069,VIP
175,Customer_175,cust175@example.com,2026-05-01 15:57:43.622070,PREMIUM
176,Customer_176,cust176@example.com,2025-08-29 15:57:43.622072,REGULAR
177,Customer_177,cust177@example.com,2025-10-29 15:57:43.622073,VIP
178,Customer_178,cust178@example.com,2025-07-31 15:57:43.622075,PREMIUM
179,Customer_179,cust179@example.com,2026-05-19 15:57:43.622076,PREMIUM
180,Customer_180,cust180@example.com,2026-03-27 15:57:43.622078,VIP
181,Customer_181,cust181@example.com,2026-07-09 15:57:43.622079,REGULAR
182,Customer_182,cust182@example.com,2025-09-21 15:57:43.622081,VIP
183,Customer_183,invalid_email_no_domain,2026-03-29 15:57:43.622082,VIP
184,Customer_184,cust184@example.com,2025-11-29 15:57:43.622084,VIP
185,Customer_185,cust185@example.com,2026-01-03 15:57:43.622085,PREMIUM
186,Customer_186,cust186@example.com,2025-08-11 15:57:43.622087,VIP
187,Customer_187,cust187@example.com,2026-03-26 15:57:43.622088,VIP
188,Customer_188,cust188@example.com,2026-02-15 15:57:43.622090,VIP
189,Customer_189,cust189@example.com,2025-12-21 15:57:43.622091,PREMIUM
190,Customer_190,cust190@example.com,2025-10-12 15:57:43.622093,VIP
191,Customer_191,cust191@example.com,2025-12-23 15:57:43.622094,PREMIUM
192,Customer_192,cust192@example.com,2026-02-12 15:57:43.622096,PREMIUM
193,Customer_193,cust193@example.com,2025-07-15 15:57:43.622097,REGULAR
194,Customer_194,cust194@example.com,2026-04-02 15:57:43.622099,REGULAR
195,Customer_195,cust195@example.com,2026-03-27 15:57:43.622100,PREMIUM
196,Customer_196,cust196@example.com,2026-04-01 15:57:43.622102,VIP
197,Customer_197,cust197@example.com,2025-11-26 15:57:43.622103,REGULAR
198,Customer_198,cust198@example.com,2026-06-29 15:57:43.622105,PREMIUM
199,Customer_199,cust199@example.com,2026-03-04 15:57:43.622106,VIP
200,Customer_200,cust200@example.com,2025-12-18 15:57:43.622107,REGULAR
201,Customer_201,cust201@example.com,2026-07-04 15:57:43.622109,REGULAR
202,Customer_202,cust202@example.com,2025-08-15 15:57:43.622110,REGULAR
203,Customer_203,cust203@example.com,2026-05-04 15:57:43.622112,PREMIUM
204,Customer_204,cust204@example.com,2025-10-07 15:57:43.622113,VIP
205,Customer_205,cust205@example.com,2026-07-04 15:57:43.622115,REGULAR
206,Customer_206,cust206@example.com,2025-07-31 15:57:43.622116,PREMIUM
207,Customer_207,cust207@example.com,2026-01-17 15:57:43.622118,VIP
208,Customer_208,cust208@example.com,2026-05-18 15:57:43.622119,REGULAR
209,Customer_209,cust209@example.com,2026-01-10 15:57:43.622121,VIP
210,Customer_210,cust210@example.com,2025-07-26 15:57:43.622122,PREMIUM
211,Customer_211,cust211@example.com,2026-03-04 15:57:43.622124,REGULAR
212,Customer_212,cust212@example.com,2026-05-03 15:57:43.622125,PREMIUM
213,Customer_213,cust213@example.com,2026-05-13 15:57:43.622127,REGULAR
214,Customer_214,cust214@example.com,2026-01-14 15:57:43.622128,PREMIUM
215,Customer_215,cust215@example.com,2026-02-28 15:57:43.622130,VIP
216,Customer_216,cust216@example.com,2025-10-04 15:57:43.622131,REGULAR
217,Customer_217,cust217@example.com,2025-07-14 15:57:43.622133,REGULAR
218,Customer_218,cust218@example.com,2025-11-23 15:57:43.622134,VIP
219,Customer_219,cust219@example.com,2026-04-01 15:57:43.622135,VIP
220,Customer_220,cust220@example.com,2025-10-27 15:57:43.622137,PREMIUM
221,Customer_221,cust221@example.com,2026-07-07 15:57:43.622138,PREMIUM
222,Customer_222,cust222@example.com,2025-07-29 15:57:43.622140,VIP
223,Customer_223,cust223@example.com,2025-12-01 15:57:43.622141,VIP
224,Customer_224,cust224@example.com,2026-05-16 15:57:43.622143,PREMIUM
225,Customer_225,cust225@example.com,2026-03-22 15:57:43.622144,REGULAR
226,Customer_226,cust226@example.com,2026-05-13 15:57:43.622146,PREMIUM
227,Customer_227,cust227@example.com,2026-06-28 15:57:43.622147,PREMIUM
228,Customer_228,cust228@example.com,2025-11-21 15:57:43.622149,PREMIUM
229,Customer_229,cust229@example.com,2026-04-03 15:57:43.622150,REGULAR
230,Customer_230,cust230@example.com,2026-04-12 15:57:43.622152,REGULAR
231,Customer_231,cust231@example.com,2026-02-06 15:57:43.622153,VIP
232,Customer_232,cust232@example.com,2026-05-26 15:57:43.622155,REGULAR
233,Customer_233,cust233@example.com,2025-07-28 15:57:43.622156,PREMIUM
234,Customer_234,cust234@example.com,2026-02-28 15:57:43.622158,REGULAR
235,Customer_235,cust235@example.com,2026-04-30 15:57:43.622160,VIP
236,Customer_236,cust236@example.com,2025-11-14 15:57:43.622161,REGULAR
237,Customer_237,cust237@example.com,2025-11-24 15:57:43.622162,REGULAR
238,Customer_238,cust238@example.com,2025-08-20 15:57:43.622164,PREMIUM
239,Customer_239,cust239@example.com,2026-03-08 15:57:43.622166,REGULAR
240,Customer_240,cust240@example.com,2025-11-05 15:57:43.622167,VIP
241,Customer_241,cust241@example.com,2025-09-13 15:57:43.622169,PREMIUM
242,Customer_242,cust242@example.com,2026-05-22 15:57:43.622170,REGULAR
243,Customer_243,cust243@example.com,2025-09-12 15:57:43.622172,PREMIUM
244,Customer_244,cust244@example.com,2026-03-27 15:57:43.622173,VIP
245,Customer_245,cust245@example.com,2025-08-13 15:57:43.622175,PREMIUM
246,Customer_246,cust246@example.com,2026-02-02 15:57:43.622176,VIP
247,Customer_247,cust247@example.com,2025-12-07 15:57:43.622178,REGULAR
248,Customer_248,cust248@example.com,2026-05-15 15:57:43.622180,REGULAR
249,Customer_249,cust249@example.com,2026-02-01 15:57:43.622181,PREMIUM
250,Customer_250,cust250@example.com,2025-11-26 15:57:43.622182,VIP
251,Customer_251,cust251@example.com,2025-11-02 15:57:43.622184,VIP
252,Customer_252,cust252@example.com,2026-06-25 15:57:43.622185,REGULAR
253,Customer_253,cust253@example.com,2025-08-03 15:57:43.622187,REGULAR
254,Customer_254,cust254@example.com,2025-12-06 15:57:43.622188,VIP
255,Customer_255,cust255@example.com,2026-05-01 15:57:43.622190,REGULAR
256,Customer_256,cust256@example.com,2026-02-17 15:57:43.622191,PREMIUM
257,Customer_257,cust257@example.com,2026-05-29 15:57:43.622193,PREMIUM
258,Customer_258,cust258@example.com,2025-09-21 15:57:43.622194,REGULAR
259,Customer_259,cust259@example.com,2025-12-28 15:57:43.622196,PREMIUM
260,Customer_260,cust260@example.com,2026-01-04 15:57:43.622197,REGULAR
261,Customer_261,cust261@example.com,2026-05-21 15:57:43.622199,VIP
262,Customer_262,cust262@example.com,2025-11-21 15:57:43.622200,VIP
263,Customer_263,cust263@example.com,2025-12-21 15:57:43.622202,PREMIUM
264,Customer_264,cust264@example.com,2026-04-29 15:57:43.622203,PREMIUM
265,Customer_265,cust265@example.com,2026-02-08 15:57:43.622205,REGULAR
266,Customer_266,cust266@example.com,2026-01-08 15:57:43.622206,PREMIUM
267,Customer_267,cust267@example.com,2026-02-10 15:57:43.622208,VIP
268,Customer_268,cust268@example.com,2026-04-19 15:57:43.622209,VIP
269,Customer_269,cust269@example.com,2026-02-09 15:57:43.622211,VIP
270,Customer_270,cust270@example.com,2026-04-02 15:57:43.622212,VIP
271,Customer_271,cust271@example.com,2025-11-16 15:57:43.622214,REGULAR
272,Customer_272,cust272@example.com,2026-03-23 15:57:43.622215,PREMIUM
273,Customer_273,cust273@example.com,2026-04-30 15:57:43.622216,REGULAR
274,Customer_274,cust274@example.com,2025-11-04 15:57:43.622218,VIP
275,Customer_275,cust275@example.com,2026-07-04 15:57:43.622219,VIP
276,Customer_276,cust276@example.com,2026-03-29 15:57:43.622221,VIP
277,Customer_277,cust277@example.com,2025-09-26 15:57:43.622223,VIP
278,Customer_278,cust278@example.com,2026-03-08 15:57:43.622224,REGULAR
279,Customer_279,cust279@example.com,2026-02-09 15:57:43.622226,PREMIUM
280,Customer_280,cust280@example.com,2025-12-04 15:57:43.622227,PREMIUM
281,Customer_281,cust281@example.com,2026-07-02 15:57:43.622229,REGULAR
282,Customer_282,cust282@example.com,2025-09-18 15:57:43.622230,PREMIUM
283,Customer_283,cust283@example.com,2026-02-27 15:57:43.622232,PREMIUM
284,Customer_284,cust284@example.com,2026-04-14 15:57:43.622233,VIP
285,Customer_285,cust285@example.com,2026-02-19 15:57:43.622235,PREMIUM
286,Customer_286,cust286@example.com,2026-02-06 15:57:43.622236,PREMIUM
287,Customer_287,cust287@example.com,2025-10-26 15:57:43.622237,REGULAR
288,Customer_288,cust288@example.com,2026-02-03 15:57:43.622239,PREMIUM
289,Customer_289,cust289@example.com,2026-04-28 15:57:43.622241,VIP
290,Customer_290,cust290@example.com,2026-06-20 15:57:43.622242,VIP
291,Customer_291,cust291@example.com,2026-06-10 15:57:43.622243,REGULAR
292,Customer_292,cust292@example.com,2026-06-11 15:57:43.622245,VIP
293,Customer_293,cust293@example.com,2025-11-23 15:57:43.622246,REGULAR
294,Customer_294,cust294@example.com,2026-02-26 15:57:43.622248,VIP
295,Customer_295,cust295@example.com,2026-01-02 15:57:43.622249,VIP
296,Customer_296,cust296@example.com,2026-02-22 15:57:43.622251,PREMIUM
297,Customer_297,cust297@example.com,2026-02-10 15:57:43.622252,PREMIUM
298,Customer_298,cust298@example.com,2025-09-06 15:57:43.622254,PREMIUM
299,Customer_299,cust299@example.com,2026-05-13 15:57:43.622255,PREMIUM
300,Customer_300,cust300@example.com,2026-05-30 15:57:43.622257,PREMIUM
301,Customer_301,cust301@example.com,2026-06-11 15:57:43.622258,REGULAR
302,Customer_302,cust302@example.com,2026-06-21 15:57:43.622260,PREMIUM
303,Customer_303,cust303@example.com,2026-05-08 15:57:43.622261,VIP
304,Customer_304,cust304@example.com,2026-04-26 15:57:43.622263,VIP
305,Customer_305,cust305@example.com,2026-04-24 15:57:43.622264,PREMIUM
306,Customer_306,cust306@example.com,2025-08-22 15:57:43.622266,REGULAR
307,Customer_307,cust307@example.com,2025-07-27 15:57:43.622267,VIP
308,Customer_308,cust308@example.com,2025-09-15 15:57:43.622269,REGULAR
309,Customer_309,cust309@example.com,2025-12-24 15:57:43.622270,REGULAR
310,Customer_310,cust310@example.com,2025-10-03 15:57:43.622272,PREMIUM
311,Customer_311,cust311@example.com,2025-08-13 15:57:43.622274,VIP
312,Customer_312,cust312@example.com,2025-08-11 15:57:43.622275,REGULAR
313,Customer_313,cust313@example.com,2026-07-03 15:57:43.622277,REGULAR
314,Customer_314,cust314@example.com,2025-11-24 15:57:43.622278,VIP
315,Customer_315,cust315@example.com,2025-12-19 15:57:43.622280,PREMIUM
316,Customer_316,cust316@example.com,2026-05-09 15:57:43.622281,VIP
317,Customer_317,invalid_email_no_domain,2025-09-05 15:57:43.622283,REGULAR
318,Customer_318,cust318@example.com,2025-08-03 15:57:43.622284,PREMIUM
319,Customer_319,cust319@example.com,2025-11-25 15:57:43.622286,VIP
320,Customer_320,cust320@example.com,2025-07-22 15:57:43.622287,PREMIUM
321,Customer_321,cust321@example.com,2026-02-02 15:57:43.622289,VIP
322,Customer_322,cust322@example.com,2025-09-19 15:57:43.622290,PREMIUM
323,Customer_323,cust323@example.com,2026-05-12 15:57:43.622292,REGULAR
324,Customer_324,cust324@example.com,2025-10-23 15:57:43.622344,VIP
325,Customer_325,cust325@example.com,2025-08-31 15:57:43.622350,REGULAR
326,Customer_326,cust326@example.com,2026-05-29 15:57:43.622353,REGULAR
327,Customer_327,cust327@example.com,2026-01-20 15:57:43.622355,REGULAR
328,Customer_328,cust328@example.com,2025-08-17 15:57:43.622357,VIP
329,Customer_329,invalid_email_no_domain,2025-09-15 15:57:43.622358,VIP
330,Customer_330,cust330@example.com,2026-06-05 15:57:43.622360,REGULAR
331,Customer_331,cust331@example.com,2026-05-10 15:57:43.622361,VIP
332,Customer_332,cust332@example.com,2026-01-25 15:57:43.622363,PREMIUM
333,Customer_333,cust333@example.com,2026-03-29 15:57:43.622364,PREMIUM
334,Customer_334,cust334@example.com,2026-02-18 15:57:43.622366,REGULAR
335,Customer_335,cust335@example.com,2025-11-08 15:57:43.622368,VIP
336,Customer_336,cust336@example.com,2025-10-30 15:57:43.622369,REGULAR
337,Customer_337,cust337@example.com,2026-05-12 15:57:43.622371,REGULAR
338,Customer_338,cust338@example.com,2025-07-17 15:57:43.622372,PREMIUM
339,Customer_339,cust339@example.com,2025-12-24 15:57:43.622374,PREMIUM
340,Customer_340,cust340@example.com,2026-01-23 15:57:43.622375,VIP
341,Customer_341,cust341@example.com,2025-09-25 15:57:43.622377,VIP
342,Customer_342,cust342@example.com,2025-08-06 15:57:43.622378,REGULAR
343,Customer_343,cust343@example.com,2026-03-30 15:57:43.622380,PREMIUM
344,Customer_344,cust344@example.com,2026-01-18 15:57:43.622381,PREMIUM
345,Customer_345,cust345@example.com,2026-03-10 15:57:43.622383,REGULAR
346,Customer_346,cust346@example.com,2026-02-10 15:57:43.622384,PREMIUM
347,Customer_347,cust347@example.com,2025-10-07 15:57:43.622386,VIP
348,Customer_348,cust348@example.com,2026-01-17 15:57:43.622387,PREMIUM
349,Customer_349,cust349@example.com,2025-08-16 15:57:43.622389,REGULAR
350,Customer_350,cust350@example.com,2026-04-21 15:57:43.622390,PREMIUM
351,Customer_351,cust351@example.com,2026-03-04 15:57:43.622392,PREMIUM
352,Customer_352,cust352@example.com,2025-11-21 15:57:43.622393,REGULAR
353,Customer_353,cust353@example.com,2026-06-23 15:57:43.622395,PREMIUM
354,Customer_354,cust354@example.com,2026-04-30 15:57:43.622397,REGULAR
355,Customer_355,cust355@example.com,2025-11-25 15:57:43.622398,VIP
356,Customer_356,cust356@example.com,2025-10-30 15:57:43.622400,VIP
357,Customer_357,cust357@example.com,2025-07-16 15:57:43.622401,VIP
358,Customer_358,cust358@example.com,2025-12-19 15:57:43.622403,PREMIUM
359,Customer_359,cust359@example.com,2026-06-15 15:57:43.622405,REGULAR
360,Customer_360,cust360@example.com,2025-08-30 15:57:43.622406,REGULAR
361,Customer_361,cust361@example.com,2026-05-11 15:57:43.622408,PREMIUM
362,Customer_362,cust362@example.com,2026-02-20 15:57:43.622409,VIP
363,Customer_363,cust363@example.com,2025-11-25 15:57:43.622410,VIP
364,Customer_364,cust364@example.com,2025-10-03 15:57:43.622412,REGULAR
365,Customer_365,cust365@example.com,2025-12-19 15:57:43.622414,VIP
366,Customer_366,cust366@example.com,2026-06-14 15:57:43.622415,PREMIUM
367,Customer_367,cust367@example.com,2025-10-28 15:57:43.622417,VIP
368,Customer_368,cust368@example.com,2025-12-29 15:57:43.622418,REGULAR
369,Customer_369,cust369@example.com,2025-08-19 15:57:43.622420,VIP
370,Customer_370,cust370@example.com,2025-12-27 15:57:43.622421,PREMIUM
371,Customer_371,cust371@example.com,2026-01-15 15:57:43.622423,PREMIUM
372,Customer_372,cust372@example.com,2025-09-18 15:57:43.622424,VIP
373,Customer_373,cust373@example.com,2026-03-21 15:57:43.622426,PREMIUM
374,Customer_374,cust374@example.com,2026-01-25 15:57:43.622427,VIP
375,Customer_375,cust375@example.com,2025-09-03 15:57:43.622429,REGULAR
376,Customer_376,cust376@example.com,2026-07-02 15:57:43.622430,VIP
377,Customer_377,cust377@example.com,2026-03-17 15:57:43.622432,PREMIUM
378,Customer_378,cust378@example.com,2026-01-24 15:57:43.622433,REGULAR
379,Customer_379,cust379@example.com,2026-03-18 15:57:43.622434,REGULAR
380,Customer_380,cust380@example.com,2025-10-16 15:57:43.622436,VIP
381,Customer_381,cust381@example.com,2025-08-24 15:57:43.622438,REGULAR
382,Customer_382,cust382@example.com,2026-05-01 15:57:43.622439,REGULAR
383,Customer_383,cust383@example.com,2026-01-28 15:57:43.622441,REGULAR
384,Customer_384,cust384@example.com,2026-01-25 15:57:43.622442,PREMIUM
385,Customer_385,cust385@example.com,2026-04-20 15:57:43.622678,REGULAR
386,Customer_386,cust386@example.com,2026-02-21 15:57:43.622684,PREMIUM
387,Customer_387,cust387@example.com,2025-08-27 15:57:43.622687,REGULAR
388,Customer_388,cust388@example.com,2026-02-13 15:57:43.622689,VIP
389,Customer_389,cust389@example.com,2025-11-14 15:57:43.622690,VIP
390,Customer_390,cust390@example.com,2026-02-14 15:57:43.622692,REGULAR
391,Customer_391,cust391@example.com,2026-04-09 15:57:43.622693,PREMIUM
392,Customer_392,cust392@example.com,2026-03-16 15:57:43.622695,REGULAR
393,Customer_393,cust393@example.com,2025-11-25 15:57:43.622697,REGULAR
394,Customer_394,cust394@example.com,2026-07-12 15:57:43.622698,REGULAR
395,Customer_395,cust395@example.com,2026-04-17 15:57:43.622700,PREMIUM
396,Customer_396,cust396@example.com,2025-11-12 15:57:43.622701,PREMIUM
397,Customer_397,cust397@example.com,2026-04-02 15:57:43.622703,REGULAR
398,Customer_398,invalid_email_no_domain,2026-01-25 15:57:43.622704,REGULAR
399,Customer_399,cust399@example.com,2025-10-17 15:57:43.622706,REGULAR
400,Customer_400,cust400@example.com,2026-02-04 15:57:43.622707,REGULAR
401,Customer_401,cust401@example.com,2026-06-22 15:57:43.622709,REGULAR
402,Customer_402,cust402@example.com,2026-06-10 15:57:43.622711,VIP
403,Customer_403,cust403@example.com,2026-01-18 15:57:43.622713,REGULAR
404,Customer_404,cust404@example.com,2026-05-21 15:57:43.622714,REGULAR
405,Customer_405,cust405@example.com,2025-07-28 15:57:43.622716,VIP
406,Customer_406,cust406@example.com,2025-12-13 15:57:43.622717,PREMIUM
407,Customer_407,cust407@example.com,2026-07-04 15:57:43.622719,VIP
408,Customer_408,cust408@example.com,2025-10-16 15:57:43.622720,PREMIUM
409,Customer_409,cust409@example.com,2025-10-16 15:57:43.622722,PREMIUM
410,Customer_410,cust410@example.com,2026-05-28 15:57:43.622723,PREMIUM
411,Customer_411,cust411@example.com,2025-10-05 15:57:43.622725,REGULAR
412,Customer_412,cust412@example.com,2025-11-25 15:57:43.622726,PREMIUM
413,Customer_413,cust413@example.com,2025-08-23 15:57:43.622728,VIP
414,Customer_414,cust414@example.com,2025-09-17 15:57:43.622729,VIP
415,Customer_415,cust415@example.com,2026-05-31 15:57:43.622731,VIP
416,Customer_416,cust416@example.com,2026-01-14 15:57:43.622732,REGULAR
417,Customer_417,cust417@example.com,2026-03-21 15:57:43.622734,REGULAR
418,Customer_418,cust418@example.com,2026-06-04 15:57:43.622736,PREMIUM
419,Customer_419,cust419@example.com,2026-04-29 15:57:43.622737,PREMIUM
420,Customer_420,cust420@example.com,2025-11-19 15:57:43.622738,PREMIUM
421,Customer_421,cust421@example.com,2025-11-06 15:57:43.622740,PREMIUM
422,Customer_422,cust422@example.com,2025-10-01 15:57:43.622741,VIP
423,Customer_423,cust423@example.com,2026-02-16 15:57:43.622743,PREMIUM
424,Customer_424,cust424@example.com,2025-12-06 15:57:43.622745,VIP
425,Customer_425,cust425@example.com,2025-12-30 15:57:43.622747,REGULAR
426,Customer_426,cust426@example.com,2025-11-23 15:57:43.622748,PREMIUM
427,Customer_427,cust427@example.com,2025-09-07 15:57:43.622750,VIP
428,Customer_428,cust428@example.com,2026-05-23 15:57:43.622751,PREMIUM
429,Customer_429,cust429@example.com,2026-05-27 15:57:43.622752,REGULAR
430,Customer_430,cust430@example.com,2026-03-13 15:57:43.622754,PREMIUM
431,Customer_431,cust431@example.com,2026-02-13 15:57:43.622755,REGULAR
432,Customer_432,cust432@example.com,2025-12-21 15:57:43.622757,VIP
433,Customer_433,cust433@example.com,2026-05-03 15:57:43.622758,VIP
434,Customer_434,cust434@example.com,2026-06-13 15:57:43.622760,REGULAR
435,Customer_435,cust435@example.com,2025-08-12 15:57:43.622761,PREMIUM
436,Customer_436,cust436@example.com,2025-09-20 15:57:43.622763,VIP
437,Customer_437,cust437@example.com,2026-06-07 15:57:43.622771,VIP
438,Customer_438,cust438@example.com,2025-12-26 15:57:43.622772,VIP
439,Customer_439,cust439@example.com,2026-03-14 15:57:43.622774,REGULAR
440,Customer_440,cust440@example.com,2026-07-12 15:57:43.622775,PREMIUM
441,Customer_441,cust441@example.com,2026-06-28 15:57:43.622776,VIP
442,Customer_442,cust442@example.com,2026-07-01 15:57:43.622778,VIP
443,Customer_443,cust443@example.com,2026-04-22 15:57:43.622779,VIP
444,Customer_444,cust444@example.com,2026-03-23 15:57:43.622781,VIP
445,Customer_445,cust445@example.com,2025-10-11 15:57:43.622782,PREMIUM
446,Customer_446,cust446@example.com,2026-03-05 15:57:43.622784,PREMIUM
447,Customer_447,cust447@example.com,2025-07-24 15:57:43.622785,VIP
448,Customer_448,cust448@example.com,2026-05-09 15:57:43.622787,PREMIUM
449,Customer_449,cust449@example.com,2025-10-25 15:57:43.622788,REGULAR
450,Customer_450,cust450@example.com,2025-09-25 15:57:43.622790,VIP
451,Customer_451,cust451@example.com,2026-02-10 15:57:43.622791,PREMIUM
452,Customer_452,cust452@example.com,2026-06-19 15:57:43.622793,PREMIUM
453,Customer_453,cust453@example.com,2025-09-12 15:57:43.622794,REGULAR
454,Customer_454,cust454@example.com,2026-01-13 15:57:43.622796,VIP
455,Customer_455,cust455@example.com,2026-07-08 15:57:43.622797,VIP
456,Customer_456,cust456@example.com,2025-09-06 15:57:43.622799,VIP
457,Customer_457,cust457@example.com,2025-11-23 15:57:43.622800,REGULAR
458,Customer_458,cust458@example.com,2026-01-12 15:57:43.622803,REGULAR
459,Customer_459,cust459@example.com,2026-05-01 15:57:43.622804,VIP
460,Customer_460,cust460@example.com,2025-07-18 15:57:43.622806,PREMIUM
461,Customer_461,cust461@example.com,2026-01-12 15:57:43.622808,VIP
462,Customer_462,cust462@example.com,2025-10-09 15:57:43.622809,REGULAR
463,Customer_463,cust463@example.com,2026-03-19 15:57:43.622810,PREMIUM
464,Customer_464,cust464@example.com,2026-06-01 15:57:43.622812,VIP
465,Customer_465,cust465@example.com,2026-06-08 15:57:43.622813,REGULAR
466,Customer_466,cust466@example.com,2026-01-25 15:57:43.622815,VIP
467,Customer_467,cust467@example.com,2025-09-05 15:57:43.622817,REGULAR
468,Customer_468,cust468@example.com,2026-07-09 15:57:43.622818,REGULAR
469,Customer_469,cust469@example.com,2026-05-24 15:57:43.622895,PREMIUM
470,Customer_470,cust470@example.com,2025-12-18 15:57:43.622901,REGULAR
471,Customer_471,cust471@example.com,2025-08-15 15:57:43.622904,REGULAR
472,Customer_472,cust472@example.com,2026-06-29 15:57:43.622907,PREMIUM
473,Customer_473,cust473@example.com,2025-10-19 15:57:43.622908,REGULAR
474,Customer_474,cust474@example.com,2025-12-19 15:57:43.622910,PREMIUM
475,Customer_475,cust475@example.com,2025-11-29 15:57:43.622911,VIP
476,Customer_476,cust476@example.com,2026-04-21 15:57:43.622913,REGULAR
477,Customer_477,cust477@example.com,2025-12-24 15:57:43.622914,REGULAR
478,Customer_478,cust478@example.com,2025-11-19 15:57:43.622916,REGULAR
479,Customer_479,cust479@example.com,2026-02-09 15:57:43.622917,PREMIUM
480,Customer_480,cust480@example.com,2025-12-14 15:57:43.622919,VIP
481,Customer_481,cust481@example.com,2025-11-26 15:57:43.622920,PREMIUM
482,Customer_482,cust482@example.com,2026-02-19 15:57:43.622921,VIP
483,Customer_483,cust483@example.com,2025-07-18 15:57:43.622923,PREMIUM
484,Customer_484,cust484@example.com,2026-04-29 15:57:43.622924,REGULAR
485,Customer_485,cust485@example.com,2025-08-08 15:57:43.622926,VIP
486,Customer_486,cust486@example.com,2026-05-07 15:57:43.622927,REGULAR
487,Customer_487,cust487@example.com,2025-08-06 15:57:43.622929,PREMIUM
488,Customer_488,cust488@example.com,2025-12-31 15:57:43.622930,REGULAR
489,Customer_489,cust489@example.com,2025-08-12 15:57:43.622932,VIP
490,Customer_490,cust490@example.com,2026-02-08 15:57:43.622933,VIP
491,Customer_491,cust491@example.com,2025-11-20 15:57:43.622935,PREMIUM
492,Customer_492,invalid_email_no_domain,2026-06-01 15:57:43.622936,PREMIUM
493,Customer_493,cust493@example.com,2026-06-18 15:57:43.622938,REGULAR
494,Customer_494,cust494@example.com,2025-08-07 15:57:43.622939,REGULAR
495,Customer_495,cust495@example.com,2025-08-22 15:57:43.622941,VIP
496,Customer_496,cust496@example.com,2026-02-10 15:57:43.622942,PREMIUM
497,Customer_497,cust497@example.com,2026-01-11 15:57:43.622944,PREMIUM
498,Customer_498,cust498@example.com,2026-02-11 15:57:43.622945,VIP
499,Customer_499,cust499@example.com,2025-08-27 15:57:43.622947,VIP
500,Customer_500,cust500@example.com,2026-06-12 15:57:43.622948,VIP
501,Customer_501,cust501@example.com,2026-04-23 15:57:43.622950,VIP
502,Customer_502,cust502@example.com,2026-02-22 15:57:43.622951,VIP
503,Customer_503,cust503@example.com,2025-07-26 15:57:43.622953,REGULAR
504,Customer_504,cust504@example.com,2026-03-16 15:57:43.622955,PREMIUM
505,Customer_505,cust505@example.com,2026-03-06 15:57:43.622957,VIP
506,Customer_506,cust506@example.com,2026-04-30 15:57:43.622958,PREMIUM
507,Customer_507,cust507@example.com,2025-10-30 15:57:43.622960,PREMIUM
508,Customer_508,cust508@example.com,2025-11-06 15:57:43.622961,REGULAR
509,Customer_509,cust509@example.com,2025-08-01 15:57:43.622963,PREMIUM
510,Customer_510,cust510@example.com,2026-06-13 15:57:43.622964,PREMIUM
511,Customer_511,cust511@example.com,2026-06-10 15:57:43.622966,PREMIUM
512,Customer_512,cust512@example.com,2025-09-20 15:57:43.622967,REGULAR
513,Customer_513,cust513@example.com,2026-04-30 15:57:43.622969,VIP
514,Customer_514,cust514@example.com,2025-08-04 15:57:43.622970,REGULAR
515,Customer_515,invalid_email_no_domain,2025-11-08 15:57:43.622972,VIP
516,Customer_516,cust516@example.com,2026-04-05 15:57:43.622973,VIP
517,Customer_517,cust517@example.com,2025-12-11 15:57:43.622975,PREMIUM
518,Customer_518,cust518@example.com,2026-05-29 15:57:43.622976,REGULAR
519,Customer_519,cust519@example.com,2026-05-10 15:57:43.622978,PREMIUM
520,Customer_520,cust520@example.com,2025-12-27 15:57:43.622979,VIP
521,Customer_521,cust521@example.com,2025-10-28 15:57:43.622981,VIP
522,Customer_522,cust522@example.com,2025-09-26 15:57:43.622986,VIP
523,Customer_523,cust523@example.com,2026-03-10 15:57:43.622987,REGULAR
524,Customer_524,cust524@example.com,2025-07-21 15:57:43.622989,REGULAR
525,Customer_525,cust525@example.com,2026-04-21 15:57:43.622990,VIP
526,Customer_526,cust526@example.com,2025-07-18 15:57:43.622992,PREMIUM
527,Customer_527,cust527@example.com,2025-07-20 15:57:43.622993,VIP
528,Customer_528,cust528@example.com,2026-04-09 15:57:43.622995,VIP
529,Customer_529,cust529@example.com,2025-10-22 15:57:43.622996,REGULAR
530,Customer_530,cust530@example.com,2025-10-08 15:57:43.622998,PREMIUM
531,Customer_531,cust531@example.com,2026-02-10 15:57:43.622999,PREMIUM
532,Customer_532,cust532@example.com,2026-02-23 15:57:43.623001,REGULAR
533,Customer_533,cust533@example.com,2025-08-02 15:57:43.623003,PREMIUM
534,Customer_534,cust534@example.com,2026-04-18 15:57:43.623004,VIP
535,Customer_535,cust535@example.com,2026-04-19 15:57:43.623006,REGULAR
536,Customer_536,cust536@example.com,2025-10-20 15:57:43.623007,PREMIUM
537,Customer_537,cust537@example.com,2025-12-21 15:57:43.623008,VIP
538,Customer_538,cust538@example.com,2025-07-26 15:57:43.623010,PREMIUM
539,Customer_539,cust539@example.com,2026-04-21 15:57:43.623012,PREMIUM
540,Customer_540,cust540@example.com,2025-12-23 15:57:43.623013,REGULAR
541,Customer_541,invalid_email_no_domain,2025-09-27 15:57:43.623015,PREMIUM
542,Customer_542,cust542@example.com,2026-05-17 15:57:43.623016,PREMIUM
543,Customer_543,cust543@example.com,2025-07-13 15:57:43.623018,VIP
544,Customer_544,cust544@example.com,2026-01-27 15:57:43.623019,VIP
545,Customer_545,cust545@example.com,2026-02-02 15:57:43.623021,VIP
546,Customer_546,cust546@example.com,2026-03-21 15:57:43.623022,REGULAR
547,Customer_547,cust547@example.com,2026-03-12 15:57:43.623024,VIP
548,Customer_548,cust548@example.com,2025-12-23 15:57:43.623025,PREMIUM
549,Customer_549,cust549@example.com,2026-05-05 15:57:43.623027,VIP
550,Customer_550,cust550@example.com,2026-06-04 15:57:43.623028,VIP
551,Customer_551,cust551@example.com,2026-06-12 15:57:43.623029,REGULAR
552,Customer_552,cust552@example.com,2025-11-11 15:57:43.623031,VIP
553,Customer_553,cust553@example.com,2026-02-12 15:57:43.623032,VIP
554,Customer_554,cust554@example.com,2026-06-10 15:57:43.623034,PREMIUM
555,Customer_555,cust555@example.com,2025-09-29 15:57:43.623036,REGULAR
556,Customer_556,cust556@example.com,2025-10-21 15:57:43.623037,VIP
557,Customer_557,cust557@example.com,2026-06-27 15:57:43.623038,PREMIUM
558,Customer_558,cust558@example.com,2026-07-06 15:57:43.623040,VIP
559,Customer_559,cust559@example.com,2026-04-17 15:57:43.623041,PREMIUM
560,Customer_560,cust560@example.com,2026-07-01 15:57:43.623043,PREMIUM
561,Customer_561,cust561@example.com,2026-04-23 15:57:43.623044,VIP
562,Customer_562,cust562@example.com,2025-12-03 15:57:43.623046,PREMIUM
563,Customer_563,cust563@example.com,2026-01-06 15:57:43.623047,REGULAR
564,Customer_564,cust564@example.com,2026-03-16 15:57:43.623049,PREMIUM
565,Customer_565,cust565@example.com,2025-09-12 15:57:43.623050,REGULAR
566,Customer_566,cust566@example.com,2025-09-20 15:57:43.623052,REGULAR
567,Customer_567,cust567@example.com,2025-12-27 15:57:43.623053,VIP
568,Customer_568,cust568@example.com,2026-01-17 15:57:43.623055,PREMIUM
569,Customer_569,cust569@example.com,2025-11-05 15:57:43.623056,PREMIUM
570,Customer_570,cust570@example.com,2026-05-28 15:57:43.623058,VIP
571,Customer_571,cust571@example.com,2026-04-02 15:57:43.623059,VIP
572,Customer_572,cust572@example.com,2025-10-25 15:57:43.623061,PREMIUM
573,Customer_573,cust573@example.com,2026-04-18 15:57:43.623062,REGULAR
574,Customer_574,cust574@example.com,2026-02-12 15:57:43.623063,VIP
575,Customer_575,cust575@example.com,2025-07-26 15:57:43.623065,PREMIUM
576,Customer_576,cust576@example.com,2026-06-15 15:57:43.623067,PREMIUM
577,Customer_577,cust577@example.com,2026-02-15 15:57:43.623068,VIP
578,Customer_578,cust578@example.com,2026-05-28 15:57:43.623069,VIP
579,Customer_579,cust579@example.com,2026-01-27 15:57:43.623071,PREMIUM
580,Customer_580,cust580@example.com,2026-06-29 15:57:43.623072,REGULAR
581,Customer_581,cust581@example.com,2025-10-12 15:57:43.623074,REGULAR
582,Customer_582,cust582@example.com,2025-08-30 15:57:43.623075,VIP
583,Customer_583,cust583@example.com,2025-09-06 15:57:43.623077,REGULAR
584,Customer_584,cust584@example.com,2025-11-19 15:57:43.623079,PREMIUM
585,Customer_585,cust585@example.com,2026-03-31 15:57:43.623080,VIP
586,Customer_586,cust586@example.com,2025-07-23 15:57:43.623082,VIP
587,Customer_587,invalid_email_no_domain,2026-02-22 15:57:43.623083,PREMIUM
588,Customer_588,cust588@example.com,2026-04-07 15:57:43.623085,PREMIUM
589,Customer_589,cust589@example.com,2025-08-10 15:57:43.623086,PREMIUM
590,Customer_590,cust590@example.com,2025-07-22 15:57:43.623088,REGULAR
591,Customer_591,cust591@example.com,2025-08-19 15:57:43.623089,REGULAR
592,Customer_592,cust592@example.com,2025-10-08 15:57:43.623091,REGULAR
593,Customer_593,cust593@example.com,2025-07-28 15:57:43.623092,REGULAR
594,Customer_594,cust594@example.com,2026-05-12 15:57:43.623094,VIP
595,Customer_595,cust595@example.com,2026-03-21 15:57:43.623096,VIP
596,Customer_596,cust596@example.com,2025-10-26 15:57:43.623097,PREMIUM
597,Customer_597,cust597@example.com,2026-03-28 15:57:43.623099,VIP
598,Customer_598,cust598@example.com,2025-12-16 15:57:43.623100,REGULAR
599,Customer_599,cust599@example.com,2025-10-15 15:57:43.623101,REGULAR
600,Customer_600,cust600@example.com,2026-05-22 15:57:43.623103,PREMIUM
